{
  "name": "fujimi-kaido",
  "games": {
    "fm-2023": {
      "sectors": {
        "s1End": 0.33299999999999996,
        "s2End": 0.6659999999999999
      }
    }
  }
}